﻿<?xml version="1.0" encoding="UTF-8"?>
<Info xmlns:xs="http://www.w3.org/2001/XMLSchema" xmlns:xsi="http://www.w3.org/2001/XMLSchema-instance">
	<ExtensionManifest xmlns="http://www.1c.ru/1cFresh/ApplicationExtensions/Manifest/1.0.0.1">
		<Name>ТОРГ-12 дополнительная печатная форма</Name>
		<ObjectName>ВнешняяПечатнаяФормаТорг12</ObjectName>
		<Version>1.0.0</Version>
		<Category>PrintedForm</Category>
		<SafeMode>true</SafeMode>
		<Description>Обработка формирования печатной формы ТОРГ 12  для документов: Поступление (акты, накладные), Реализация (акты, накладные)</Description>
		<Assignment xsi:type="ExtensionCatalogsAndDocumentsAssignment">
			<Objects>
				<ObjectName xsi:type="xs:string">Документ.СогласиеНаОбработкуПерсональныхДанных</ObjectName>
				<Representation>Согласие на обработку персональных данных</Representation>
				<Enabled>false</Enabled>
				<ObjectType>Document</ObjectType>
			</Objects>
			<Objects>
				<ObjectName xsi:type="xs:string">Справочник.БанковскиеСчета</ObjectName>
				<Representation>Банковские счета</Representation>
				<Enabled>false</Enabled>
				<ObjectType>Catalog</ObjectType>
			</Objects>
			<Objects>
				<ObjectName xsi:type="xs:string">Справочник.ДоверенностиНалогоплательщика</ObjectName>
				<Representation>Доверенности налогоплательщика</Representation>
				<Enabled>false</Enabled>
				<ObjectType>Catalog</ObjectType>
			</Objects>
			<Objects>
				<ObjectName xsi:type="xs:string">Справочник.ДоговорыКонтрагентов</ObjectName>
				<Representation>Договоры</Representation>
				<Enabled>false</Enabled>
				<ObjectType>Catalog</ObjectType>
			</Objects>
			<Objects>
				<ObjectName xsi:type="xs:string">Справочник.Контрагенты</ObjectName>
				<Representation>Контрагенты</Representation>
				<Enabled>false</Enabled>
				<ObjectType>Catalog</ObjectType>
			</Objects>
			<Objects>
				<ObjectName xsi:type="xs:string">Справочник.КонтактныеЛица</ObjectName>
				<Representation>Контактные лица</Representation>
				<Enabled>false</Enabled>
				<ObjectType>Catalog</ObjectType>
			</Objects>
			<Objects>
				<ObjectName xsi:type="xs:string">Справочник.НематериальныеАктивы</ObjectName>
				<Representation>Нематериальные активы</Representation>
				<Enabled>false</Enabled>
				<ObjectType>Catalog</ObjectType>
			</Objects>
			<Objects>
				<ObjectName xsi:type="xs:string">Справочник.Номенклатура</ObjectName>
				<Representation>Номенклатура</Representation>
				<Enabled>false</Enabled>
				<ObjectType>Catalog</ObjectType>
			</Objects>
			<Objects>
				<ObjectName xsi:type="xs:string">Справочник.НоменклатурныеГруппы</ObjectName>
				<Representation>Номенклатурные группы</Representation>
				<Enabled>false</Enabled>
				<ObjectType>Catalog</ObjectType>
			</Objects>
			<Objects>
				<ObjectName xsi:type="xs:string">Справочник.ОбъектыСтроительства</ObjectName>
				<Representation>Объекты строительства</Representation>
				<Enabled>false</Enabled>
				<ObjectType>Catalog</ObjectType>
			</Objects>
			<Objects>
				<ObjectName xsi:type="xs:string">Справочник.Организации</ObjectName>
				<Representation>Организации</Representation>
				<Enabled>false</Enabled>
				<ObjectType>Catalog</ObjectType>
			</Objects>
			<Objects>
				<ObjectName xsi:type="xs:string">Справочник.ОсновныеСредства</ObjectName>
				<Representation>Основные средства</Representation>
				<Enabled>false</Enabled>
				<ObjectType>Catalog</ObjectType>
			</Objects>
			<Objects>
				<ObjectName xsi:type="xs:string">Справочник.ПодразделенияОрганизаций</ObjectName>
				<Representation>Подразделения</Representation>
				<Enabled>false</Enabled>
				<ObjectType>Catalog</ObjectType>
			</Objects>
			<Objects>
				<ObjectName xsi:type="xs:string">Справочник.ПрочиеДоходыИРасходы</ObjectName>
				<Representation>Прочие доходы и расходы</Representation>
				<Enabled>false</Enabled>
				<ObjectType>Catalog</ObjectType>
			</Objects>
			<Objects>
				<ObjectName xsi:type="xs:string">Справочник.Склады</ObjectName>
				<Representation>Склады (места хранения)</Representation>
				<Enabled>false</Enabled>
				<ObjectType>Catalog</ObjectType>
			</Objects>
			<Objects>
				<ObjectName xsi:type="xs:string">Справочник.СтатьиЗатрат</ObjectName>
				<Representation>Статьи затрат</Representation>
				<Enabled>false</Enabled>
				<ObjectType>Catalog</ObjectType>
			</Objects>
			<Objects>
				<ObjectName xsi:type="xs:string">Справочник.Субконто</ObjectName>
				<Representation>Субконто</Representation>
				<Enabled>false</Enabled>
				<ObjectType>Catalog</ObjectType>
			</Objects>
			<Objects>
				<ObjectName xsi:type="xs:string">Справочник.ТиповыеОперации</ObjectName>
				<Representation>Типовые операции</Representation>
				<Enabled>false</Enabled>
				<ObjectType>Catalog</ObjectType>
			</Objects>
			<Objects>
				<ObjectName xsi:type="xs:string">Документ.АвансовыйОтчет</ObjectName>
				<Representation>Авансовый отчет</Representation>
				<Enabled>false</Enabled>
				<ObjectType>Document</ObjectType>
			</Objects>
			<Objects>
				<ObjectName xsi:type="xs:string">Документ.АктОбОказанииПроизводственныхУслуг</ObjectName>
				<Representation>Оказание производственных услуг</Representation>
				<Enabled>false</Enabled>
				<ObjectType>Document</ObjectType>
			</Objects>
			<Objects>
				<ObjectName xsi:type="xs:string">Документ.АктПроверкиСтраховыхВзносов</ObjectName>
				<Representation>Акт проверки страховых взносов</Representation>
				<Enabled>false</Enabled>
				<ObjectType>Document</ObjectType>
			</Objects>
			<Objects>
				<ObjectName xsi:type="xs:string">Документ.АктСверкиВзаиморасчетов</ObjectName>
				<Representation>Акт сверки расчетов с контрагентом</Representation>
				<Enabled>false</Enabled>
				<ObjectType>Document</ObjectType>
			</Objects>
			<Objects>
				<ObjectName xsi:type="xs:string">Документ.ВводНачальныхОстатков</ObjectName>
				<Representation>Ввод остатков</Representation>
				<Enabled>false</Enabled>
				<ObjectType>Document</ObjectType>
			</Objects>
			<Objects>
				<ObjectName xsi:type="xs:string">Документ.ВозвратМатериаловИзЭксплуатации</ObjectName>
				<Representation>Возврат материалов из эксплуатации</Representation>
				<Enabled>false</Enabled>
				<ObjectType>Document</ObjectType>
			</Objects>
			<Objects>
				<ObjectName xsi:type="xs:string">Документ.ВозвратТоваровОтПокупателя</ObjectName>
				<Representation>Возврат товаров от покупателя</Representation>
				<Enabled>false</Enabled>
				<ObjectType>Document</ObjectType>
			</Objects>
			<Objects>
				<ObjectName xsi:type="xs:string">Документ.ВозвратТоваровПоставщику</ObjectName>
				<Representation>Возврат товаров поставщику</Representation>
				<Enabled>false</Enabled>
				<ObjectType>Document</ObjectType>
			</Objects>
			<Objects>
				<ObjectName xsi:type="xs:string">Документ.ВозвратОСОтАрендатора</ObjectName>
				<Representation>Возврат ОС от арендатора</Representation>
				<Enabled>false</Enabled>
				<ObjectType>Document</ObjectType>
			</Objects>
			<Objects>
				<ObjectName xsi:type="xs:string">Документ.ВосстановлениеНДС</ObjectName>
				<Representation>Восстановление НДС</Representation>
				<Enabled>false</Enabled>
				<ObjectType>Document</ObjectType>
			</Objects>
			<Objects>
				<ObjectName xsi:type="xs:string">Документ.ВосстановлениеНДСПоОбъектамНедвижимости</ObjectName>
				<Representation>Восстановление НДС по недвижимости</Representation>
				<Enabled>false</Enabled>
				<ObjectType>Document</ObjectType>
			</Objects>
			<Objects>
				<ObjectName xsi:type="xs:string">Документ.ВыдачаДенежныхДокументов</ObjectName>
				<Representation>Выдача денежных документов</Representation>
				<Enabled>false</Enabled>
				<ObjectType>Document</ObjectType>
			</Objects>
			<Objects>
				<ObjectName xsi:type="xs:string">Документ.ВыкупПредметовЛизинга</ObjectName>
				<Representation>Выкуп предметов лизинга</Representation>
				<Enabled>false</Enabled>
				<ObjectType>Document</ObjectType>
			</Objects>
			<Objects>
				<ObjectName xsi:type="xs:string">Документ.ВыработкаМатериалов</ObjectName>
				<Representation>Выработка материалов</Representation>
				<Enabled>false</Enabled>
				<ObjectType>Document</ObjectType>
			</Objects>
			<Objects>
				<ObjectName xsi:type="xs:string">Документ.ВыработкаНМА</ObjectName>
				<Representation>Выработка НМА</Representation>
				<Enabled>false</Enabled>
				<ObjectType>Document</ObjectType>
			</Objects>
			<Objects>
				<ObjectName xsi:type="xs:string">Документ.ВыработкаОС</ObjectName>
				<Representation>Выработка ОС</Representation>
				<Enabled>false</Enabled>
				<ObjectType>Document</ObjectType>
			</Objects>
			<Objects>
				<ObjectName xsi:type="xs:string">Документ.ГТДИмпорт</ObjectName>
				<Representation>ГТД по импорту</Representation>
				<Enabled>false</Enabled>
				<ObjectType>Document</ObjectType>
			</Objects>
			<Objects>
				<ObjectName xsi:type="xs:string">Документ.Доверенность</ObjectName>
				<Representation>Доверенность</Representation>
				<Enabled>false</Enabled>
				<ObjectType>Document</ObjectType>
			</Objects>
			<Objects>
				<ObjectName xsi:type="xs:string">Документ.ДокументРасчетовСКонтрагентом</ObjectName>
				<Representation>Документ расчетов с контрагентом</Representation>
				<Enabled>false</Enabled>
				<ObjectType>Document</ObjectType>
			</Objects>
			<Objects>
				<ObjectName xsi:type="xs:string">Документ.ДопЛистКнигиПокупокДляПередачиВЭлектронномВиде</ObjectName>
				<Representation>Доп. лист книги покупок для передачи в электронном виде</Representation>
				<Enabled>false</Enabled>
				<ObjectType>Document</ObjectType>
			</Objects>
			<Objects>
				<ObjectName xsi:type="xs:string">Документ.ДопЛистКнигиПродажДляПередачиВЭлектронномВиде</ObjectName>
				<Representation>Доп. лист книги продаж для передачи в электронном виде</Representation>
				<Enabled>false</Enabled>
				<ObjectType>Document</ObjectType>
			</Objects>
			<Objects>
				<ObjectName xsi:type="xs:string">Документ.ЖурналУчетаСчетовФактурДляПередачиВЭлектронномВиде</ObjectName>
				<Representation>Журнал учета счетов-фактур для передачи в электронном виде</Representation>
				<Enabled>false</Enabled>
				<ObjectType>Document</ObjectType>
			</Objects>
			<Objects>
				<ObjectName xsi:type="xs:string">Документ.ЗаписьКнигиУчетаДоходовИРасходовИП</ObjectName>
				<Representation>Запись книги доходов и расходов ИП</Representation>
				<Enabled>false</Enabled>
				<ObjectType>Document</ObjectType>
			</Objects>
			<Objects>
				<ObjectName xsi:type="xs:string">Документ.ЗаписьКУДиР</ObjectName>
				<Representation>Запись книги доходов и расходов УСН, по патенту</Representation>
				<Enabled>false</Enabled>
				<ObjectType>Document</ObjectType>
			</Objects>
			<Objects>
				<ObjectName xsi:type="xs:string">Документ.ЗаявлениеОВвозеТоваров</ObjectName>
				<Representation>Заявление о ввозе товаров</Representation>
				<Enabled>false</Enabled>
				<ObjectType>Document</ObjectType>
			</Objects>
			<Objects>
				<ObjectName xsi:type="xs:string">Документ.ИзменениеГрафиковАмортизацииОС</ObjectName>
				<Representation>Изменение графиков амортизации ОС</Representation>
				<Enabled>false</Enabled>
				<ObjectType>Document</ObjectType>
			</Objects>
			<Objects>
				<ObjectName xsi:type="xs:string">Документ.ИзменениеПараметровНачисленияАмортизацииОС</ObjectName>
				<Representation>Изменение параметров амортизации ОС</Representation>
				<Enabled>false</Enabled>
				<ObjectType>Document</ObjectType>
			</Objects>
			<Objects>
				<ObjectName xsi:type="xs:string">Документ.ИзменениеСостоянияОС</ObjectName>
				<Representation>Изменение состояния ОС</Representation>
				<Enabled>false</Enabled>
				<ObjectType>Document</ObjectType>
			</Objects>
			<Objects>
				<ObjectName xsi:type="xs:string">Документ.ИзменениеСпециальногоКоэффициентаНМА</ObjectName>
				<Representation>Изменение коэффициента амортизации НМА</Representation>
				<Enabled>false</Enabled>
				<ObjectType>Document</ObjectType>
			</Objects>
			<Objects>
				<ObjectName xsi:type="xs:string">Документ.ИзменениеСпециальногоКоэффициентаОС</ObjectName>
				<Representation>Изменение коэффициента амортизации ОС</Representation>
				<Enabled>false</Enabled>
				<ObjectType>Document</ObjectType>
			</Objects>
			<Objects>
				<ObjectName xsi:type="xs:string">Документ.ИзменениеСпособовОтраженияРасходовПоАмортизацииНМА</ObjectName>
				<Representation>Изменение отражения амортизации НМА</Representation>
				<Enabled>false</Enabled>
				<ObjectType>Document</ObjectType>
			</Objects>
			<Objects>
				<ObjectName xsi:type="xs:string">Документ.ИзменениеСпособовОтраженияРасходовПоАмортизацииОС</ObjectName>
				<Representation>Изменение отражения амортизации ОС</Representation>
				<Enabled>false</Enabled>
				<ObjectType>Document</ObjectType>
			</Objects>
			<Objects>
				<ObjectName xsi:type="xs:string">Документ.ИзменениеОтраженияРасходовПоЛизинговымПлатежамОС</ObjectName>
				<Representation>Изменение отражения расходов по лизинговым платежам ОС</Representation>
				<Enabled>false</Enabled>
				<ObjectType>Document</ObjectType>
			</Objects>
			<Objects>
				<ObjectName xsi:type="xs:string">Документ.ИнвентаризацияНЗП</ObjectName>
				<Representation>Инвентаризация незавершенного производства</Representation>
				<Enabled>false</Enabled>
				<ObjectType>Document</ObjectType>
			</Objects>
			<Objects>
				<ObjectName xsi:type="xs:string">Документ.ИнвентаризацияОС</ObjectName>
				<Representation>Инвентаризация ОС</Representation>
				<Enabled>false</Enabled>
				<ObjectType>Document</ObjectType>
			</Objects>
			<Objects>
				<ObjectName xsi:type="xs:string">Документ.ИнвентаризацияРасчетовСКонтрагентами</ObjectName>
				<Representation>Акт инвентаризации расчетов</Representation>
				<Enabled>false</Enabled>
				<ObjectType>Document</ObjectType>
			</Objects>
			<Objects>
				<ObjectName xsi:type="xs:string">Документ.ИнвентаризацияТоваровНаСкладе</ObjectName>
				<Representation>Инвентаризация товаров</Representation>
				<Enabled>false</Enabled>
				<ObjectType>Document</ObjectType>
			</Objects>
			<Objects>
				<ObjectName xsi:type="xs:string">Документ.КнигаПокупокДляПередачиВЭлектронномВиде</ObjectName>
				<Representation>Книга покупок для передачи в электронном виде</Representation>
				<Enabled>false</Enabled>
				<ObjectType>Document</ObjectType>
			</Objects>
			<Objects>
				<ObjectName xsi:type="xs:string">Документ.КнигаПродажДляПередачиВЭлектронномВиде</ObjectName>
				<Representation>Книга продаж для передачи в электронном виде</Representation>
				<Enabled>false</Enabled>
				<ObjectType>Document</ObjectType>
			</Objects>
			<Objects>
				<ObjectName xsi:type="xs:string">Документ.КомплектацияНоменклатуры</ObjectName>
				<Representation>Комплектация номенклатуры</Representation>
				<Enabled>false</Enabled>
				<ObjectType>Document</ObjectType>
			</Objects>
			<Objects>
				<ObjectName xsi:type="xs:string">Документ.КорректировкаДолга</ObjectName>
				<Representation>Корректировка долга</Representation>
				<Enabled>false</Enabled>
				<ObjectType>Document</ObjectType>
			</Objects>
			<Objects>
				<ObjectName xsi:type="xs:string">Документ.КорректировкаПоступления</ObjectName>
				<Representation>Корректировка поступления</Representation>
				<Enabled>false</Enabled>
				<ObjectType>Document</ObjectType>
			</Objects>
			<Objects>
				<ObjectName xsi:type="xs:string">Документ.КорректировкаРеализации</ObjectName>
				<Representation>Корректировка реализации</Representation>
				<Enabled>false</Enabled>
				<ObjectType>Document</ObjectType>
			</Objects>
			<Objects>
				<ObjectName xsi:type="xs:string">Документ.МодернизацияОС</ObjectName>
				<Representation>Модернизация ОС</Representation>
				<Enabled>false</Enabled>
				<ObjectType>Document</ObjectType>
			</Objects>
			<Objects>
				<ObjectName xsi:type="xs:string">Документ.НачислениеНДСпоСМРхозспособом</ObjectName>
				<Representation>Начисление НДС по СМР хозспособом</Representation>
				<Enabled>false</Enabled>
				<ObjectType>Document</ObjectType>
			</Objects>
			<Objects>
				<ObjectName xsi:type="xs:string">Документ.НачислениеПеней</ObjectName>
				<Representation>Начисление пеней</Representation>
				<Enabled>false</Enabled>
				<ObjectType>Document</ObjectType>
			</Objects>
			<Objects>
				<ObjectName xsi:type="xs:string">Документ.ОказаниеУслуг</ObjectName>
				<Representation>Оказание услуг</Representation>
				<Enabled>false</Enabled>
				<ObjectType>Document</ObjectType>
			</Objects>
			<Objects>
				<ObjectName xsi:type="xs:string">Документ.ОперацияБух</ObjectName>
				<Representation>Операция</Representation>
				<Enabled>false</Enabled>
				<ObjectType>Document</ObjectType>
			</Objects>
			<Objects>
				<ObjectName xsi:type="xs:string">Документ.ОплатаПлатежнойКартой</ObjectName>
				<Representation>Операция по платежной карте</Representation>
				<Enabled>false</Enabled>
				<ObjectType>Document</ObjectType>
			</Objects>
			<Objects>
				<ObjectName xsi:type="xs:string">Документ.ОприходованиеТоваров</ObjectName>
				<Representation>Оприходование товаров</Representation>
				<Enabled>false</Enabled>
				<ObjectType>Document</ObjectType>
			</Objects>
			<Objects>
				<ObjectName xsi:type="xs:string">Документ.ОтражениеЗарплатыВУчете</ObjectName>
				<Representation>Зарплата (ЗУП 2.5, ЗиК 7.7)</Representation>
				<Enabled>false</Enabled>
				<ObjectType>Document</ObjectType>
			</Objects>
			<Objects>
				<ObjectName xsi:type="xs:string">Документ.ОтражениеНачисленияНДС</ObjectName>
				<Representation>Отражение начисления НДС</Representation>
				<Enabled>false</Enabled>
				<ObjectType>Document</ObjectType>
			</Objects>
			<Objects>
				<ObjectName xsi:type="xs:string">Документ.ОтражениеНДСКВычету</ObjectName>
				<Representation>Отражение НДС к вычету</Representation>
				<Enabled>false</Enabled>
				<ObjectType>Document</ObjectType>
			</Objects>
			<Objects>
				<ObjectName xsi:type="xs:string">Документ.ОтчетКомиссионераОПродажах</ObjectName>
				<Representation>Отчет комиссионера (агента) о продажах</Representation>
				<Enabled>false</Enabled>
				<ObjectType>Document</ObjectType>
			</Objects>
			<Objects>
				<ObjectName xsi:type="xs:string">Документ.ОтчетКомитентуОПродажах</ObjectName>
				<Representation>Отчет комитенту</Representation>
				<Enabled>false</Enabled>
				<ObjectType>Document</ObjectType>
			</Objects>
			<Objects>
				<ObjectName xsi:type="xs:string">Документ.ОтчетОРозничныхПродажах</ObjectName>
				<Representation>Отчет о розничных продажах</Representation>
				<Enabled>false</Enabled>
				<ObjectType>Document</ObjectType>
			</Objects>
			<Objects>
				<ObjectName xsi:type="xs:string">Документ.ОтчетОператораСистемыПлатон</ObjectName>
				<Representation>Отчет оператора системы "Платон"</Representation>
				<Enabled>false</Enabled>
				<ObjectType>Document</ObjectType>
			</Objects>
			<Objects>
				<ObjectName xsi:type="xs:string">Документ.ОтчетПроизводстваЗаСмену</ObjectName>
				<Representation>Отчет производства за смену</Representation>
				<Enabled>false</Enabled>
				<ObjectType>Document</ObjectType>
			</Objects>
			<Objects>
				<ObjectName xsi:type="xs:string">Документ.ПередачаМатериаловВЭксплуатацию</ObjectName>
				<Representation>Передача материалов в эксплуатацию</Representation>
				<Enabled>false</Enabled>
				<ObjectType>Document</ObjectType>
			</Objects>
			<Objects>
				<ObjectName xsi:type="xs:string">Документ.ПередачаНМА</ObjectName>
				<Representation>Передача НМА</Representation>
				<Enabled>false</Enabled>
				<ObjectType>Document</ObjectType>
			</Objects>
			<Objects>
				<ObjectName xsi:type="xs:string">Документ.ПередачаОборудованияВМонтаж</ObjectName>
				<Representation>Передача оборудования в монтаж</Representation>
				<Enabled>false</Enabled>
				<ObjectType>Document</ObjectType>
			</Objects>
			<Objects>
				<ObjectName xsi:type="xs:string">Документ.ПередачаОС</ObjectName>
				<Representation>Передача ОС</Representation>
				<Enabled>false</Enabled>
				<ObjectType>Document</ObjectType>
			</Objects>
			<Objects>
				<ObjectName xsi:type="xs:string">Документ.ПередачаОСВАренду</ObjectName>
				<Representation>Передача ОС в аренду</Representation>
				<Enabled>false</Enabled>
				<ObjectType>Document</ObjectType>
			</Objects>
			<Objects>
				<ObjectName xsi:type="xs:string">Документ.ПередачаТоваров</ObjectName>
				<Representation>Передача товаров</Representation>
				<Enabled>false</Enabled>
				<ObjectType>Document</ObjectType>
			</Objects>
			<Objects>
				<ObjectName xsi:type="xs:string">Документ.ПеремещениеОС</ObjectName>
				<Representation>Перемещение ОС</Representation>
				<Enabled>false</Enabled>
				<ObjectType>Document</ObjectType>
			</Objects>
			<Objects>
				<ObjectName xsi:type="xs:string">Документ.ПеремещениеТоваров</ObjectName>
				<Representation>Перемещение товаров</Representation>
				<Enabled>false</Enabled>
				<ObjectType>Document</ObjectType>
			</Objects>
			<Objects>
				<ObjectName xsi:type="xs:string">Документ.ПереоценкаТоваровВРознице</ObjectName>
				<Representation>Переоценка товаров в рознице</Representation>
				<Enabled>false</Enabled>
				<ObjectType>Document</ObjectType>
			</Objects>
			<Objects>
				<ObjectName xsi:type="xs:string">Документ.ПлатежноеПоручение</ObjectName>
				<Representation>Платежное поручение</Representation>
				<Enabled>false</Enabled>
				<ObjectType>Document</ObjectType>
			</Objects>
			<Objects>
				<ObjectName xsi:type="xs:string">Документ.ПлатежноеТребование</ObjectName>
				<Representation>Платежное требование</Representation>
				<Enabled>false</Enabled>
				<ObjectType>Document</ObjectType>
			</Objects>
			<Objects>
				<ObjectName xsi:type="xs:string">Документ.ПодготовкаКПередачеОС</ObjectName>
				<Representation>Подготовка к передаче ОС</Representation>
				<Enabled>false</Enabled>
				<ObjectType>Document</ObjectType>
			</Objects>
			<Objects>
				<ObjectName xsi:type="xs:string">Документ.ПодтверждениеНулевойСтавкиНДС</ObjectName>
				<Representation>Подтверждение нулевой ставки НДС</Representation>
				<Enabled>false</Enabled>
				<ObjectType>Document</ObjectType>
			</Objects>
			<Objects>
				<ObjectName xsi:type="xs:string">Документ.ПодтверждениеОплатыНДСВБюджет</ObjectName>
				<Representation>Подтверждение оплаты НДС в бюджет</Representation>
				<Enabled>false</Enabled>
				<ObjectType>Document</ObjectType>
			</Objects>
			<Objects>
				<ObjectName xsi:type="xs:string">Документ.ПоступлениеВЛизинг</ObjectName>
				<Representation>Поступление в лизинг</Representation>
				<Enabled>false</Enabled>
				<ObjectType>Document</ObjectType>
			</Objects>
			<Objects>
				<ObjectName xsi:type="xs:string">Документ.ПоступлениеДенежныхДокументов</ObjectName>
				<Representation>Поступление денежных документов</Representation>
				<Enabled>false</Enabled>
				<ObjectType>Document</ObjectType>
			</Objects>
			<Objects>
				<ObjectName xsi:type="xs:string">Документ.ПоступлениеДопРасходов</ObjectName>
				<Representation>Поступление доп. расходов</Representation>
				<Enabled>false</Enabled>
				<ObjectType>Document</ObjectType>
			</Objects>
			<Objects>
				<ObjectName xsi:type="xs:string">Документ.ПоступлениеИзПереработки</ObjectName>
				<Representation>Поступление из переработки</Representation>
				<Enabled>false</Enabled>
				<ObjectType>Document</ObjectType>
			</Objects>
			<Objects>
				<ObjectName xsi:type="xs:string">Документ.ПоступлениеНаРасчетныйСчет</ObjectName>
				<Representation>Поступление на расчетный счет</Representation>
				<Enabled>false</Enabled>
				<ObjectType>Document</ObjectType>
			</Objects>
			<Objects>
				<ObjectName xsi:type="xs:string">Документ.ПоступлениеНМА</ObjectName>
				<Representation>Поступление НМА</Representation>
				<Enabled>false</Enabled>
				<ObjectType>Document</ObjectType>
			</Objects>
			<Objects>
				<ObjectName xsi:type="xs:string">Документ.ПоступлениеТоваровУслуг</ObjectName>
				<Representation>Поступление (акты, накладные)</Representation>
				<Enabled>true</Enabled>
				<ObjectType>Document</ObjectType>
			</Objects>
			<Objects>
				<ObjectName xsi:type="xs:string">Документ.ПринятиеКУчетуНМА</ObjectName>
				<Representation>Принятие к учету НМА</Representation>
				<Enabled>false</Enabled>
				<ObjectType>Document</ObjectType>
			</Objects>
			<Objects>
				<ObjectName xsi:type="xs:string">Документ.ПринятиеКУчетуОС</ObjectName>
				<Representation>Принятие к учету ОС</Representation>
				<Enabled>false</Enabled>
				<ObjectType>Document</ObjectType>
			</Objects>
			<Objects>
				<ObjectName xsi:type="xs:string">Документ.ПриходныйКассовыйОрдер</ObjectName>
				<Representation>Поступление наличных</Representation>
				<Enabled>false</Enabled>
				<ObjectType>Document</ObjectType>
			</Objects>
			<Objects>
				<ObjectName xsi:type="xs:string">Документ.РаспределениеНДС</ObjectName>
				<Representation>Распределение НДС</Representation>
				<Enabled>false</Enabled>
				<ObjectType>Document</ObjectType>
			</Objects>
			<Objects>
				<ObjectName xsi:type="xs:string">Документ.РасходныйКассовыйОрдер</ObjectName>
				<Representation>Выдача наличных</Representation>
				<Enabled>false</Enabled>
				<ObjectType>Document</ObjectType>
			</Objects>
			<Objects>
				<ObjectName xsi:type="xs:string">Документ.РасходыПредпринимателя</ObjectName>
				<Representation>Расходы предпринимателя</Representation>
				<Enabled>false</Enabled>
				<ObjectType>Document</ObjectType>
			</Objects>
			<Objects>
				<ObjectName xsi:type="xs:string">Документ.РеализацияОтгруженныхТоваров</ObjectName>
				<Representation>Реализация отгруженных товаров</Representation>
				<Enabled>false</Enabled>
				<ObjectType>Document</ObjectType>
			</Objects>
			<Objects>
				<ObjectName xsi:type="xs:string">Документ.РеализацияТоваровУслуг</ObjectName>
				<Representation>Реализация (акты, накладные)</Representation>
				<Enabled>true</Enabled>
				<ObjectType>Document</ObjectType>
			</Objects>
			<Objects>
				<ObjectName xsi:type="xs:string">Документ.РеализацияУслугПоПереработке</ObjectName>
				<Representation>Реализация услуг по переработке</Representation>
				<Enabled>false</Enabled>
				<ObjectType>Document</ObjectType>
			</Objects>
			<Objects>
				<ObjectName xsi:type="xs:string">Документ.РегистрацияОплатыОсновныхСредствДляИП</ObjectName>
				<Representation>Регистрация оплаты ОС и НМА ИП</Representation>
				<Enabled>false</Enabled>
				<ObjectType>Document</ObjectType>
			</Objects>
			<Objects>
				<ObjectName xsi:type="xs:string">Документ.РегистрацияОплатыОсновныхСредствДляУСН</ObjectName>
				<Representation>Регистрация оплаты ОС и НМА УСН</Representation>
				<Enabled>false</Enabled>
				<ObjectType>Document</ObjectType>
			</Objects>
			<Objects>
				<ObjectName xsi:type="xs:string">Документ.РегистрацияСуммыУбыткаУСН</ObjectName>
				<Representation>Регистрация суммы убытка УСН</Representation>
				<Enabled>false</Enabled>
				<ObjectType>Document</ObjectType>
			</Objects>
			<Objects>
				<ObjectName xsi:type="xs:string">Документ.РозничнаяПродажа</ObjectName>
				<Representation>Розничная продажа (чек)</Representation>
				<Enabled>false</Enabled>
				<ObjectType>Document</ObjectType>
			</Objects>
			<Objects>
				<ObjectName xsi:type="xs:string">Документ.СписаниеМатериаловИзЭксплуатации</ObjectName>
				<Representation>Списание материалов из эксплуатации</Representation>
				<Enabled>false</Enabled>
				<ObjectType>Document</ObjectType>
			</Objects>
			<Objects>
				<ObjectName xsi:type="xs:string">Документ.СписаниеНДС</ObjectName>
				<Representation>Списание НДС</Representation>
				<Enabled>false</Enabled>
				<ObjectType>Document</ObjectType>
			</Objects>
			<Objects>
				<ObjectName xsi:type="xs:string">Документ.СписаниеНМА</ObjectName>
				<Representation>Списание НМА</Representation>
				<Enabled>false</Enabled>
				<ObjectType>Document</ObjectType>
			</Objects>
			<Objects>
				<ObjectName xsi:type="xs:string">Документ.СписаниеОС</ObjectName>
				<Representation>Списание ОС</Representation>
				<Enabled>false</Enabled>
				<ObjectType>Document</ObjectType>
			</Objects>
			<Objects>
				<ObjectName xsi:type="xs:string">Документ.СписаниеСРасчетногоСчета</ObjectName>
				<Representation>Списание с расчетного счета</Representation>
				<Enabled>false</Enabled>
				<ObjectType>Document</ObjectType>
			</Objects>
			<Objects>
				<ObjectName xsi:type="xs:string">Документ.СписаниеТоваров</ObjectName>
				<Representation>Списание товаров</Representation>
				<Enabled>false</Enabled>
				<ObjectType>Document</ObjectType>
			</Objects>
			<Objects>
				<ObjectName xsi:type="xs:string">Документ.СчетНаОплатуПокупателю</ObjectName>
				<Representation>Счет покупателю</Representation>
				<Enabled>false</Enabled>
				<ObjectType>Document</ObjectType>
			</Objects>
			<Objects>
				<ObjectName xsi:type="xs:string">Документ.СчетНаОплатуПоставщика</ObjectName>
				<Representation>Счет от поставщика</Representation>
				<Enabled>false</Enabled>
				<ObjectType>Document</ObjectType>
			</Objects>
			<Objects>
				<ObjectName xsi:type="xs:string">Документ.СчетФактураВыданный</ObjectName>
				<Representation>Счет-фактура выданный</Representation>
				<Enabled>false</Enabled>
				<ObjectType>Document</ObjectType>
			</Objects>
			<Objects>
				<ObjectName xsi:type="xs:string">Документ.СчетФактураПолученный</ObjectName>
				<Representation>Счет-фактура полученный</Representation>
				<Enabled>false</Enabled>
				<ObjectType>Document</ObjectType>
			</Objects>
			<Objects>
				<ObjectName xsi:type="xs:string">Документ.ТребованиеНакладная</ObjectName>
				<Representation>Требование-накладная</Representation>
				<Enabled>false</Enabled>
				<ObjectType>Document</ObjectType>
			</Objects>
			<Objects>
				<ObjectName xsi:type="xs:string">Документ.УстановкаПорядкаЗакрытияПодразделений</ObjectName>
				<Representation>Порядок подразделений для закрытия счетов</Representation>
				<Enabled>false</Enabled>
				<ObjectType>Document</ObjectType>
			</Objects>
			<Objects>
				<ObjectName xsi:type="xs:string">Документ.УстановкаЦенНоменклатуры</ObjectName>
				<Representation>Установка цен номенклатуры</Representation>
				<Enabled>false</Enabled>
				<ObjectType>Document</ObjectType>
			</Objects>
			<Objects>
				<ObjectName xsi:type="xs:string">Документ.ФормированиеЗаписейКнигиПокупок</ObjectName>
				<Representation>Формирование записей книги покупок</Representation>
				<Enabled>false</Enabled>
				<ObjectType>Document</ObjectType>
			</Objects>
			<Objects>
				<ObjectName xsi:type="xs:string">Документ.ФормированиеЗаписейКнигиПродаж</ObjectName>
				<Representation>Формирование записей книги продаж</Representation>
				<Enabled>false</Enabled>
				<ObjectType>Document</ObjectType>
			</Objects>
			<Objects>
				<ObjectName xsi:type="xs:string">Документ.ФормированиеУставногоКапитала</ObjectName>
				<Representation>Формирование уставного капитала</Representation>
				<Enabled>false</Enabled>
				<ObjectType>Document</ObjectType>
			</Objects>
			<Objects>
				<ObjectName xsi:type="xs:string">Документ.ФормированиеЗаписейРаздела7ДекларацииНДС</ObjectName>
				<Representation>Формирование записей раздела 7 декларации по НДС</Representation>
				<Enabled>false</Enabled>
				<ObjectType>Document</ObjectType>
			</Objects>
			<Objects>
				<ObjectName xsi:type="xs:string">Документ.ПередачаЗадолженностиНаФакторинг</ObjectName>
				<Representation>Передача задолженности на факторинг</Representation>
				<Enabled>false</Enabled>
				<ObjectType>Document</ObjectType>
			</Objects>
			<Objects>
				<ObjectName xsi:type="xs:string">ЖурналДокументов.Деньги</ObjectName>
				<Representation>Деньги</Representation>
				<Enabled>false</Enabled>
			</Objects>
			<Objects>
				<ObjectName xsi:type="xs:string">ЖурналДокументов.ДенежныеДокументы</ObjectName>
				<Representation>Денежные документы</Representation>
				<Enabled>false</Enabled>
			</Objects>
			<Objects>
				<ObjectName xsi:type="xs:string">ЖурналДокументов.ДокументыПоНМА</ObjectName>
				<Representation>Документы по НМА</Representation>
				<Enabled>false</Enabled>
			</Objects>
			<Objects>
				<ObjectName xsi:type="xs:string">ЖурналДокументов.ДокументыПоОС</ObjectName>
				<Representation>Документы по ОС</Representation>
				<Enabled>false</Enabled>
			</Objects>
			<Objects>
				<ObjectName xsi:type="xs:string">ЖурналДокументов.Документы</ObjectName>
				<Representation>Документы</Representation>
				<Enabled>false</Enabled>
			</Objects>
			<Objects>
				<ObjectName xsi:type="xs:string">ЖурналДокументов.ЖурналОпераций</ObjectName>
				<Representation>Журнал операций</Representation>
				<Enabled>false</Enabled>
			</Objects>
			<Objects>
				<ObjectName xsi:type="xs:string">ЖурналДокументов.ПроизводственныеДокументы</ObjectName>
				<Representation>Производственные документы</Representation>
				<Enabled>false</Enabled>
			</Objects>
			<Objects>
				<ObjectName xsi:type="xs:string">ЖурналДокументов.СкладскиеДокументы</ObjectName>
				<Representation>Складские документы</Representation>
				<Enabled>false</Enabled>
			</Objects>
			<Objects>
				<ObjectName xsi:type="xs:string">ЖурналДокументов.ВыплатаЗарплаты</ObjectName>
				<Representation>Все выплаты</Representation>
				<Enabled>false</Enabled>
			</Objects>
			<Objects>
				<ObjectName xsi:type="xs:string">ПланСчетов.Хозрасчетный</ObjectName>
				<Representation>План счетов бухгалтерского учета</Representation>
				<Enabled>false</Enabled>
			</Objects>
			<Objects>
				<ObjectName xsi:type="xs:string">Справочник.Сотрудники</ObjectName>
				<Representation>Сотрудники</Representation>
				<Enabled>false</Enabled>
				<ObjectType>Catalog</ObjectType>
			</Objects>
			<Objects>
				<ObjectName xsi:type="xs:string">Справочник.ФизическиеЛица</ObjectName>
				<Representation>Физические лица</Representation>
				<Enabled>false</Enabled>
				<ObjectType>Catalog</ObjectType>
			</Objects>
			<Objects>
				<ObjectName xsi:type="xs:string">Документ.АвансовыйПлатежИностранцаПоНДФЛ</ObjectName>
				<Representation>Авансовый платеж по НДФЛ</Representation>
				<Enabled>false</Enabled>
				<ObjectType>Document</ObjectType>
			</Objects>
			<Objects>
				<ObjectName xsi:type="xs:string">Документ.БольничныйЛист</ObjectName>
				<Representation>Больничный лист</Representation>
				<Enabled>false</Enabled>
				<ObjectType>Document</ObjectType>
			</Objects>
			<Objects>
				<ObjectName xsi:type="xs:string">Документ.ВедомостьНаВыплатуЗарплатыВБанк</ObjectName>
				<Representation>Ведомость в банк</Representation>
				<Enabled>false</Enabled>
				<ObjectType>Document</ObjectType>
			</Objects>
			<Objects>
				<ObjectName xsi:type="xs:string">Документ.ВедомостьНаВыплатуЗарплатыВКассу</ObjectName>
				<Representation>Ведомость в кассу</Representation>
				<Enabled>false</Enabled>
				<ObjectType>Document</ObjectType>
			</Objects>
			<Objects>
				<ObjectName xsi:type="xs:string">Документ.ВедомостьУплатыАДВ_11</ObjectName>
				<Representation>Ведомость уплаты взносов АДВ-11</Representation>
				<Enabled>false</Enabled>
				<ObjectType>Document</ObjectType>
			</Objects>
			<Objects>
				<ObjectName xsi:type="xs:string">Документ.ВозвратНДФЛ</ObjectName>
				<Representation>Возврат НДФЛ</Representation>
				<Enabled>false</Enabled>
				<ObjectType>Document</ObjectType>
			</Objects>
			<Objects>
				<ObjectName xsi:type="xs:string">Документ.ДанныеОКорректировкеСведенийЗастрахованныхЛицСЗВ_КОРР</ObjectName>
				<Representation>Данные о корректировке сведений застрахованных лиц, СЗВ-КОРР</Representation>
				<Enabled>false</Enabled>
				<ObjectType>Document</ObjectType>
			</Objects>
			<Objects>
				<ObjectName xsi:type="xs:string">Документ.ЗаявкаНаЗакрытиеЛицевыхСчетовСотрудников</ObjectName>
				<Representation>Заявка на закрытие лицевых счетов</Representation>
				<Enabled>false</Enabled>
				<ObjectType>Document</ObjectType>
			</Objects>
			<Objects>
				<ObjectName xsi:type="xs:string">Документ.ЗаявкаНаОткрытиеЛицевыхСчетовСотрудников</ObjectName>
				<Representation>Заявка на открытие лицевых счетов</Representation>
				<Enabled>false</Enabled>
				<ObjectType>Document</ObjectType>
			</Objects>
			<Objects>
				<ObjectName xsi:type="xs:string">Документ.ЗаявлениеВФССОВозмещенииВыплатРодителямДетейИнвалидов</ObjectName>
				<Representation>Заявление в ФСС о возмещении выплат родителям детей-инвалидов</Representation>
				<Enabled>false</Enabled>
				<ObjectType>Document</ObjectType>
			</Objects>
			<Objects>
				<ObjectName xsi:type="xs:string">Документ.ЗаявлениеВФССОВозмещенииРасходовНаПогребение</ObjectName>
				<Representation>Заявление в ФСС о возмещении расходов на погребение</Representation>
				<Enabled>false</Enabled>
				<ObjectType>Document</ObjectType>
			</Objects>
			<Objects>
				<ObjectName xsi:type="xs:string">Документ.ЗаявлениеНаПредоставлениеСтандартныхВычетовПоНДФЛ</ObjectName>
				<Representation>Заявление на вычеты по НДФЛ</Representation>
				<Enabled>false</Enabled>
				<ObjectType>Document</ObjectType>
			</Objects>
			<Objects>
				<ObjectName xsi:type="xs:string">Документ.ЗаявлениеСотрудникаНаВыплатуПособия</ObjectName>
				<Representation>Заявление сотрудника на выплату пособия</Representation>
				<Enabled>false</Enabled>
				<ObjectType>Document</ObjectType>
			</Objects>
			<Objects>
				<ObjectName xsi:type="xs:string">Документ.ИсходящаяСправкаОЗаработкеДляРасчетаПособий</ObjectName>
				<Representation>Исходящая справка для расчета пособий</Representation>
				<Enabled>false</Enabled>
				<ObjectType>Document</ObjectType>
			</Objects>
			<Objects>
				<ObjectName xsi:type="xs:string">Документ.НачислениеЗарплаты</ObjectName>
				<Representation>Начисление зарплаты</Representation>
				<Enabled>false</Enabled>
				<ObjectType>Document</ObjectType>
			</Objects>
			<Objects>
				<ObjectName xsi:type="xs:string">Документ.ОперацияНалоговогоУчетаПоНДФЛ</ObjectName>
				<Representation>Операция учета НДФЛ</Representation>
				<Enabled>false</Enabled>
				<ObjectType>Document</ObjectType>
			</Objects>
			<Objects>
				<ObjectName xsi:type="xs:string">Документ.ОперацияУчетаПоСтраховымВзносам</ObjectName>
				<Representation>Операция учета взносов</Representation>
				<Enabled>false</Enabled>
				<ObjectType>Document</ObjectType>
			</Objects>
			<Objects>
				<ObjectName xsi:type="xs:string">Документ.ОписьЗаявленийСотрудниковНаВыплатуПособий</ObjectName>
				<Representation>Опись заявлений сотрудников на выплату пособий</Representation>
				<Enabled>false</Enabled>
				<ObjectType>Document</ObjectType>
			</Objects>
			<Objects>
				<ObjectName xsi:type="xs:string">Документ.ОписьОДВ_1</ObjectName>
				<Representation>Опись ОДВ-1</Representation>
				<Enabled>false</Enabled>
				<ObjectType>Document</ObjectType>
			</Objects>
			<Objects>
				<ObjectName xsi:type="xs:string">Документ.ОписьПачекСЗВ_6</ObjectName>
				<Representation>Опись пачек СЗВ-6</Representation>
				<Enabled>false</Enabled>
				<ObjectType>Document</ObjectType>
			</Objects>
			<Objects>
				<ObjectName xsi:type="xs:string">Документ.Отпуск</ObjectName>
				<Representation>Отпуск</Representation>
				<Enabled>false</Enabled>
				<ObjectType>Document</ObjectType>
			</Objects>
			<Objects>
				<ObjectName xsi:type="xs:string">Документ.ПачкаДокументовАДВ_1</ObjectName>
				<Representation>Пачка документов АДВ-1</Representation>
				<Enabled>false</Enabled>
				<ObjectType>Document</ObjectType>
			</Objects>
			<Objects>
				<ObjectName xsi:type="xs:string">Документ.ПачкаДокументовАДВ_2</ObjectName>
				<Representation>Пачка документов АДВ-2</Representation>
				<Enabled>false</Enabled>
				<ObjectType>Document</ObjectType>
			</Objects>
			<Objects>
				<ObjectName xsi:type="xs:string">Документ.ПачкаДокументовАДВ_3</ObjectName>
				<Representation>Пачка документов АДВ-3</Representation>
				<Enabled>false</Enabled>
				<ObjectType>Document</ObjectType>
			</Objects>
			<Objects>
				<ObjectName xsi:type="xs:string">Документ.ПачкаДокументовДСВ_1</ObjectName>
				<Representation>Пачка документов ДСВ-1</Representation>
				<Enabled>false</Enabled>
				<ObjectType>Document</ObjectType>
			</Objects>
			<Objects>
				<ObjectName xsi:type="xs:string">Документ.ПачкаДокументовСЗВ_6_1</ObjectName>
				<Representation>Пачка документов СЗВ-6-1</Representation>
				<Enabled>false</Enabled>
				<ObjectType>Document</ObjectType>
			</Objects>
			<Objects>
				<ObjectName xsi:type="xs:string">Документ.ПачкаДокументовСЗВ_6_3</ObjectName>
				<Representation>Пачка документов СЗВ-6-3</Representation>
				<Enabled>false</Enabled>
				<ObjectType>Document</ObjectType>
			</Objects>
			<Objects>
				<ObjectName xsi:type="xs:string">Документ.ПачкаДокументовСЗВ_6_4</ObjectName>
				<Representation>Пачка документов СЗВ-6-4</Representation>
				<Enabled>false</Enabled>
				<ObjectType>Document</ObjectType>
			</Objects>
			<Objects>
				<ObjectName xsi:type="xs:string">Документ.ПачкаДокументовСЗВ_К</ObjectName>
				<Representation>Пачка документов СЗВ К</Representation>
				<Enabled>false</Enabled>
				<ObjectType>Document</ObjectType>
			</Objects>
			<Objects>
				<ObjectName xsi:type="xs:string">Документ.ПачкаДокументовСПВ_1</ObjectName>
				<Representation>Пачка документов СПВ-1</Representation>
				<Enabled>false</Enabled>
				<ObjectType>Document</ObjectType>
			</Objects>
			<Objects>
				<ObjectName xsi:type="xs:string">Документ.ПачкаДокументовСПВ_2</ObjectName>
				<Representation>Пачка документов СПВ-2</Representation>
				<Enabled>false</Enabled>
				<ObjectType>Document</ObjectType>
			</Objects>
			<Objects>
				<ObjectName xsi:type="xs:string">Документ.СведенияОЗаработкеСтажеЗастрахованныхЛицСЗВ_ИСХ</ObjectName>
				<Representation>Сведения о заработке и стаже застрахованных лиц, СЗВ-ИСХ</Representation>
				<Enabled>false</Enabled>
				<ObjectType>Document</ObjectType>
			</Objects>
			<Objects>
				<ObjectName xsi:type="xs:string">Документ.СведенияОЗастрахованныхЛицахСЗВ_М</ObjectName>
				<Representation>Сведения о застрахованных лицах, СЗВ-М</Representation>
				<Enabled>false</Enabled>
				<ObjectType>Document</ObjectType>
			</Objects>
			<Objects>
				<ObjectName xsi:type="xs:string">Документ.СведенияОСтраховомСтажеЗастрахованныхЛицСЗВ_СТАЖ</ObjectName>
				<Representation>Сведения о страховом стаже застрахованных лиц, СЗВ-СТАЖ</Representation>
				<Enabled>false</Enabled>
				<ObjectType>Document</ObjectType>
			</Objects>
			<Objects>
				<ObjectName xsi:type="xs:string">Документ.ПачкаРазделов6РасчетаРСВ_1</ObjectName>
				<Representation>Пачка разделов 6 РСВ-1</Representation>
				<Enabled>false</Enabled>
				<ObjectType>Document</ObjectType>
			</Objects>
			<Objects>
				<ObjectName xsi:type="xs:string">Документ.ПерерасчетНДФЛ</ObjectName>
				<Representation>Перерасчет НДФЛ</Representation>
				<Enabled>false</Enabled>
				<ObjectType>Document</ObjectType>
			</Objects>
			<Objects>
				<ObjectName xsi:type="xs:string">Документ.ПерерасчетСтраховыхВзносов</ObjectName>
				<Representation>Перерасчет страховых взносов</Representation>
				<Enabled>false</Enabled>
				<ObjectType>Document</ObjectType>
			</Objects>
			<Objects>
				<ObjectName xsi:type="xs:string">Документ.ПодтверждениеЗачисленияЗарплаты</ObjectName>
				<Representation>Подтверждение зачисления зарплаты</Representation>
				<Enabled>false</Enabled>
				<ObjectType>Document</ObjectType>
			</Objects>
			<Objects>
				<ObjectName xsi:type="xs:string">Документ.ПодтверждениеОткрытияЛицевыхСчетовСотрудников</ObjectName>
				<Representation>Подтверждение открытия счетов</Representation>
				<Enabled>false</Enabled>
				<ObjectType>Document</ObjectType>
			</Objects>
			<Objects>
				<ObjectName xsi:type="xs:string">Документ.ПрекращениеСтандартныхВычетовНДФЛ</ObjectName>
				<Representation>Отмена стандартных вычетов НДФЛ</Representation>
				<Enabled>false</Enabled>
				<ObjectType>Document</ObjectType>
			</Objects>
			<Objects>
				<ObjectName xsi:type="xs:string">Документ.РеестрДанныхЭЛНЗаполняемыхРаботодателем</ObjectName>
				<Representation>Реестр ЭЛН для отправки в ФСС</Representation>
				<Enabled>false</Enabled>
				<ObjectType>Document</ObjectType>
			</Objects>
			<Objects>
				<ObjectName xsi:type="xs:string">Документ.РеестрДСВ_3</ObjectName>
				<Representation>Реестр ДСВ-3</Representation>
				<Enabled>false</Enabled>
				<ObjectType>Document</ObjectType>
			</Objects>
			<Objects>
				<ObjectName xsi:type="xs:string">Документ.РеестрСведенийНеобходимыхДляНазначенияИВыплатыПособий</ObjectName>
				<Representation>Реестр сведений, необходимых для назначения и выплаты пособий</Representation>
				<Enabled>false</Enabled>
				<ObjectType>Document</ObjectType>
			</Objects>
			<Objects>
				<ObjectName xsi:type="xs:string">Документ.РеестрСЗВ_6_2</ObjectName>
				<Representation>Реестр СЗВ-6-2</Representation>
				<Enabled>false</Enabled>
				<ObjectType>Document</ObjectType>
			</Objects>
			<Objects>
				<ObjectName xsi:type="xs:string">Документ.СправкаНДФЛ</ObjectName>
				<Representation>2-НДФЛ для сотрудников</Representation>
				<Enabled>false</Enabled>
				<ObjectType>Document</ObjectType>
			</Objects>
			<Objects>
				<ObjectName xsi:type="xs:string">Документ.СправкиНДФЛДляПередачиВНалоговыйОрган</ObjectName>
				<Representation>2-НДФЛ для передачи в ИФНС</Representation>
				<Enabled>false</Enabled>
				<ObjectType>Document</ObjectType>
			</Objects>
			<Objects>
				<ObjectName xsi:type="xs:string">Документ.ЗаявлениеОПодтвержденииПраваНаЗачетАвансовПоНДФЛ</ObjectName>
				<Representation>Заявление о подтверждении права на зачет авансов по НДФЛ</Representation>
				<Enabled>false</Enabled>
				<ObjectType>Document</ObjectType>
			</Objects>
			<Objects>
				<ObjectName xsi:type="xs:string">Документ.УведомлениеОПравеНаИмущественныйВычетДляНДФЛ</ObjectName>
				<Representation>Уведомление НО о праве на вычеты</Representation>
				<Enabled>false</Enabled>
				<ObjectType>Document</ObjectType>
			</Objects>
			<Objects>
				<ObjectName xsi:type="xs:string">Документ.ПриемНаРаботу</ObjectName>
				<Representation>Прием на работу</Representation>
				<Enabled>false</Enabled>
				<ObjectType>Document</ObjectType>
			</Objects>
			<Objects>
				<ObjectName xsi:type="xs:string">Документ.КадровыйПеревод</ObjectName>
				<Representation>Кадровый перевод</Representation>
				<Enabled>false</Enabled>
				<ObjectType>Document</ObjectType>
			</Objects>
			<Objects>
				<ObjectName xsi:type="xs:string">Документ.Увольнение</ObjectName>
				<Representation>Увольнение</Representation>
				<Enabled>false</Enabled>
				<ObjectType>Document</ObjectType>
			</Objects>
			<Objects>
				<ObjectName xsi:type="xs:string">Документ.ВедомостьНаВыплатуЗарплаты</ObjectName>
				<Representation>Ведомость на выплату зарплаты</Representation>
				<Enabled>false</Enabled>
				<ObjectType>Document</ObjectType>
			</Objects>
			<Objects>
				<ObjectName xsi:type="xs:string">Документ.ДепонированиеЗарплаты</ObjectName>
				<Representation>Депонирование зарплаты</Representation>
				<Enabled>false</Enabled>
				<ObjectType>Document</ObjectType>
			</Objects>
			<Objects>
				<ObjectName xsi:type="xs:string">Документ.СписаниеДепонированнойЗарплаты</ObjectName>
				<Representation>Списание зарплаты депонента</Representation>
				<Enabled>false</Enabled>
				<ObjectType>Document</ObjectType>
			</Objects>
			<Objects>
				<ObjectName xsi:type="xs:string">Документ.ИсполнительныйЛист</ObjectName>
				<Representation>Исполнительный лист</Representation>
				<Enabled>false</Enabled>
				<ObjectType>Document</ObjectType>
			</Objects>
			<Objects>
				<ObjectName xsi:type="xs:string">ЖурналДокументов.НачислениеЗарплаты</ObjectName>
				<Representation>Начисление зарплаты</Representation>
				<Enabled>false</Enabled>
			</Objects>
			<Objects>
				<ObjectName xsi:type="xs:string">Документ.НачислениеОценочныхОбязательствПоОтпускам</ObjectName>
				<Representation>Начисление оценочных обязательств по отпускам</Representation>
				<Enabled>false</Enabled>
				<ObjectType>Document</ObjectType>
			</Objects>
			<Objects>
				<ObjectName xsi:type="xs:string">Документ.ОтражениеЗарплатыВБухучете</ObjectName>
				<Representation>Отражение зарплаты в бухучете</Representation>
				<Enabled>false</Enabled>
				<ObjectType>Document</ObjectType>
			</Objects>
			<Objects>
				<ObjectName xsi:type="xs:string">Документ.СправкиПоНДФЛДляРасчетаПоНалогуНаПрибыль</ObjectName>
				<Representation>Справки по НДФЛ для Расчета по налогу на прибыль</Representation>
				<Enabled>false</Enabled>
				<ObjectType>Document</ObjectType>
			</Objects>
			<UseInListsForms>true</UseInListsForms>
			<UseInObjectsForms>true</UseInObjectsForms>
		</Assignment>
		<Commands>
			<Id>ТОРГ12</Id>
			<Representation>ТОРГ12 (дополнительная печатная форма)</Representation>
			<StartupType>ServerCall</StartupType>
			<ShowNotification>true</ShowNotification>
			<Modifier xsi:type="xs:string">ПечатьMXL</Modifier>
		</Commands>
		<Commands>
			<Id>ТОРГ12_БезУслуг</Id>
			<Representation>ТОРГ12 без услуг (дополнительная печатная форма)</Representation>
			<StartupType>ServerCall</StartupType>
			<ShowNotification>true</ShowNotification>
			<Modifier xsi:type="xs:string">ПечатьMXL</Modifier>
		</Commands>
		<FileName>ВнешняяПечатнаяФормаТорг12.epf</FileName>
		<UseReportVariantsStorage>false</UseReportVariantsStorage>
	</ExtensionManifest>
</Info>